"resource_id","photo_url","video_url","transcript_url","certificate_url"
"21","1801375062-1.jpg",NULL,"1840001160.pdf","1412416850.pdf"
"22","1234567890-1.jpg",NULL,"1840001476.pdf","1600000542.pdf"
"23","1234567890-3.jpg",NULL,"1840001500.pdf","1600002346.pdf"
"24","1901456174-T.png","1901487463-T.png","1840001412.pdf","1600001223.pdf"
"25","1901473956-T.png","1901512004-T.png","1840001583.pdf","1600002043.pdf"
"26","1901478982-T.png","1901725725-T.png","1840001596.pdf","1600003784.pdf"
"27","1901482903-T.png","1901516495-T.png","1840001343.pdf","1600003304.pdf"
"28","1901483830-T.png","1901725750-T.png","1840001570.pdf","1600005202.pdf"
"29","1901487463-T.png","1901725731-T.png","1840001091.pdf","1600005341.pdf"
"30","1901512004-T.png","1901726002-T.png","1740001046.pdf","1500001821.pdf"
"31","1901725725-T.png","1901726223-T.png","1940001930.pdf","1500007163.pdf"
"32","1901516495-T.png","1901726343-T.png","1840001671.pdf","1700000505.pdf"
"33","1901725750-T.png","1901727296-T.png","1740001014.pdf","1700000644.pdf"
"34","1901725731-T.png","1940001930-T.png","1840001740.pdf","1700001003.pdf"
"35","1901726002-T.png",NULL,"1801401294.pdf","1700000543.pdf"
"36","1901726223-T.png",NULL,"1701301006.pdf","1700000764.pdf"
"37","1901726343-T.png",NULL,"1412416056.pdf","1700001022.pdf"
"38","1901727296-T.png",NULL,"1412406755.pdf","1700001041.pdf"
"39","1940001930-T.png",NULL,"1412414731.pdf","1700001205.pdf"
"40","2001656672-T.png",NULL,"1412416554.pdf","1700001123.pdf"
"41","1801375062-1.jpg",NULL,"1840001160.pdf","1412416850.pdf"
"42","1234567890-1.jpg",NULL,"1840001476.pdf","1600000542.pdf"
"43","1234567890-3.jpg",NULL,"1840001500.pdf","1600002346.pdf"
"44","1901456174-T.png","1901487463-T.png","1840001412.pdf","1600001223.pdf"
"45","1901473956-T.png","1901512004-T.png","1840001583.pdf","1600002043.pdf"
"46","1901478982-T.png","1901725725-T.png","1840001596.pdf","1600003784.pdf"
"47","1901482903-T.png","1901516495-T.png","1840001343.pdf","1600003304.pdf"
"48","1901483830-T.png","1901725750-T.png","1840001570.pdf","1600005202.pdf"
"49","1901487463-T.png","1901725731-T.png","1840001091.pdf","1600005341.pdf"
"50","1901512004-T.png","1901726002-T.png","1740001046.pdf","1500001821.pdf"
"51","1901725725-T.png","1901726223-T.png","1940001930.pdf","1500007163.pdf"
"52","1901516495-T.png","1901726343-T.png","1840001671.pdf","1700000505.pdf"
"53","1901725750-T.png","1901727296-T.png","1740001014.pdf","1700000644.pdf"
"54","1901725731-T.png","1940001930-T.png","1840001740.pdf","1700001003.pdf"
"55","1901726002-T.png",NULL,"1801401294.pdf","1700000543.pdf"
"56","1901726223-T.png",NULL,"1701301006.pdf","1700000764.pdf"
"57","1901726343-T.png",NULL,"1412416056.pdf","1700001022.pdf"
"58","1901727296-T.png",NULL,"1412406755.pdf","1700001041.pdf"
"59","1940001930-T.png",NULL,"1412414731.pdf","1700001205.pdf"
"60","2001656672-T.png",NULL,"1412416554.pdf","1700001123.pdf"
"61","1801375062-1.jpg",NULL,"1840001160.pdf","1412416850.pdf"
"62","1234567890-1.jpg",NULL,"1840001476.pdf","1600000542.pdf"
"63","1234567890-3.jpg",NULL,"1840001500.pdf","1600002346.pdf"
"64","1901456174-T.png","1901487463-T.png","1840001412.pdf","1600001223.pdf"
"65","1901473956-T.png","1901512004-T.png","1840001583.pdf","1600002043.pdf"
"66","1901478982-T.png","1901725725-T.png","1840001596.pdf","1600003784.pdf"
"67","1901482903-T.png","1901516495-T.png","1840001343.pdf","1600003304.pdf"
"68","1901483830-T.png","1901725750-T.png","1840001570.pdf","1600005202.pdf"
"69","1901487463-T.png","1901725731-T.png","1840001091.pdf","1600005341.pdf"
"70","1901512004-T.png","1901726002-T.png","1740001046.pdf","1500001821.pdf"
"71","1901725725-T.png","1901726223-T.png","1940001930.pdf","1500007163.pdf"
"72","1901516495-T.png","1901726343-T.png","1840001671.pdf","1700000505.pdf"
"73","1901725750-T.png","1901727296-T.png","1740001014.pdf","1700000644.pdf"
"74","1901725731-T.png","1940001930-T.png","1840001740.pdf","1700001003.pdf"
"75","1901726002-T.png",NULL,"1801401294.pdf","1700000543.pdf"
"76","1901726223-T.png",NULL,"1701301006.pdf","1700000764.pdf"
"77","1901726343-T.png",NULL,"1412416056.pdf","1700001022.pdf"
"78","1901727296-T.png",NULL,"1412406755.pdf","1700001041.pdf"
"79","1940001930-T.png",NULL,"1412414731.pdf","1700001205.pdf"
"80","2001656672-T.png",NULL,"1412416554.pdf","1700001123.pdf"
"81","1801375062-1.jpg",NULL,"1840001160.pdf","1412416850.pdf"
"82","1234567890-1.jpg",NULL,"1840001476.pdf","1600000542.pdf"
"83","1234567890-3.jpg",NULL,"1840001500.pdf","1600002346.pdf"
"84","1901456174-T.png","1901487463-T.png","1840001412.pdf","1600001223.pdf"
"85","1901473956-T.png","1901512004-T.png","1840001583.pdf","1600002043.pdf"
"86","1901478982-T.png","1901725725-T.png","1840001596.pdf","1600003784.pdf"
"87","1901482903-T.png","1901516495-T.png","1840001343.pdf","1600003304.pdf"
"88","1901483830-T.png","1901725750-T.png","1840001570.pdf","1600005202.pdf"
"89","1901487463-T.png","1901725731-T.png","1840001091.pdf","1600005341.pdf"
"90","1901512004-T.png","1901726002-T.png","1740001046.pdf","1500001821.pdf"
"91","1901725725-T.png","1901726223-T.png","1940001930.pdf","1500007163.pdf"
"92","1901516495-T.png","1901726343-T.png","1840001671.pdf","1700000505.pdf"
"93","1901725750-T.png","1901727296-T.png","1740001014.pdf","1700000644.pdf"
"94","1901725731-T.png","1940001930-T.png","1840001740.pdf","1700001003.pdf"
"95","1901726002-T.png",NULL,"1801401294.pdf","1700000543.pdf"
"96","1901726223-T.png",NULL,"1701301006.pdf","1700000764.pdf"
"97","1901726343-T.png",NULL,"1412416056.pdf","1700001022.pdf"
"98","1901727296-T.png",NULL,"1412406755.pdf","1700001041.pdf"
"99","1940001930-T.png",NULL,"1412414731.pdf","1700001205.pdf"
"100","2001656672-T.png",NULL,"1412416554.pdf","1700001123.pdf"
"101","1801375062-1.jpg",NULL,"1840001160.pdf","1412416850.pdf"
"102","1234567890-1.jpg",NULL,"1840001476.pdf","1600000542.pdf"
"103","1234567890-3.jpg",NULL,"1840001500.pdf","1600002346.pdf"
"104","1901456174-T.png","1901487463-T.png","1840001412.pdf","1600001223.pdf"
"105","1901473956-T.png","1901512004-T.png","1840001583.pdf","1600002043.pdf"
"106","1901478982-T.png","1901725725-T.png","1840001596.pdf","1600003784.pdf"
"107","1901482903-T.png","1901516495-T.png","1840001343.pdf","1600003304.pdf"
"108","1901483830-T.png","1901725750-T.png","1840001570.pdf","1600005202.pdf"
"109","1901487463-T.png","1901725731-T.png","1840001091.pdf","1600005341.pdf"
"110","1901512004-T.png","1901726002-T.png","1740001046.pdf","1500001821.pdf"
"111","1901725725-T.png","1901726223-T.png","1940001930.pdf","1500007163.pdf"
"112","1901516495-T.png","1901726343-T.png","1840001671.pdf","1700000505.pdf"
"113","1901725750-T.png","1901727296-T.png","1740001014.pdf","1700000644.pdf"
"114","1901725731-T.png","1940001930-T.png","1840001740.pdf","1700001003.pdf"
"115","1901726002-T.png",NULL,"1801401294.pdf","1700000543.pdf"
"116","1901726223-T.png",NULL,"1701301006.pdf","1700000764.pdf"
"117","1901726343-T.png",NULL,"1412416056.pdf","1700001022.pdf"
"118","1901727296-T.png",NULL,"1412406755.pdf","1700001041.pdf"
"119","1940001930-T.png",NULL,"1412414731.pdf","1700001205.pdf"
"120","2001656672-T.png",NULL,"1412416554.pdf","1700001123.pdf"
"121","1801375062-1.jpg",NULL,"1840001160.pdf","1412416850.pdf"
"122","1234567890-1.jpg",NULL,"1840001476.pdf","1600000542.pdf"
"123","1234567890-3.jpg",NULL,"1840001500.pdf","1600002346.pdf"
"124","1901456174-T.png","1901487463-T.png","1840001412.pdf","1600001223.pdf"
"125","1901473956-T.png","1901512004-T.png","1840001583.pdf","1600002043.pdf"
"126","1901478982-T.png","1901725725-T.png","1840001596.pdf","1600003784.pdf"
"127","1901482903-T.png","1901516495-T.png","1840001343.pdf","1600003304.pdf"
"128","1901483830-T.png","1901725750-T.png","1840001570.pdf","1600005202.pdf"
"129","1901487463-T.png","1901725731-T.png","1840001091.pdf","1600005341.pdf"
"130","1901512004-T.png","1901726002-T.png","1740001046.pdf","1500001821.pdf"
"131","1901725725-T.png","1901726223-T.png","1940001930.pdf","1500007163.pdf"
"132","1901516495-T.png","1901726343-T.png","1840001671.pdf","1700000505.pdf"
"133","1901725750-T.png","1901727296-T.png","1740001014.pdf","1700000644.pdf"
"134","1901725731-T.png","1940001930-T.png","1840001740.pdf","1700001003.pdf"
"135","1901726002-T.png",NULL,"1801401294.pdf","1700000543.pdf"
"136","1901726223-T.png",NULL,"1701301006.pdf","1700000764.pdf"
"137","1901726343-T.png",NULL,"1412416056.pdf","1700001022.pdf"
"138","1901727296-T.png",NULL,"1412406755.pdf","1700001041.pdf"
"139","1940001930-T.png",NULL,"1412414731.pdf","1700001205.pdf"
"140","2001656672-T.png",NULL,"1412416554.pdf","1700001123.pdf"
"141","1801375062-1.jpg",NULL,"1840001160.pdf","1412416850.pdf"
"142","1234567890-1.jpg",NULL,"1840001476.pdf","1600000542.pdf"
"143","1234567890-3.jpg",NULL,"1840001500.pdf","1600002346.pdf"
"144","1901456174-T.png","1901487463-T.png","1840001412.pdf","1600001223.pdf"
"145","1901473956-T.png","1901512004-T.png","1840001583.pdf","1600002043.pdf"
"146","1901478982-T.png","1901725725-T.png","1840001596.pdf","1600003784.pdf"
"147","1901482903-T.png","1901516495-T.png","1840001343.pdf","1600003304.pdf"
"148","1901483830-T.png","1901725750-T.png","1840001570.pdf","1600005202.pdf"
"149","1901487463-T.png","1901725731-T.png","1840001091.pdf","1600005341.pdf"
"150","1901512004-T.png","1901726002-T.png","1740001046.pdf","1500001821.pdf"
"151","1901725725-T.png","1901726223-T.png","1940001930.pdf","1500007163.pdf"
"152","1901516495-T.png","1901726343-T.png","1840001671.pdf","1700000505.pdf"
"153","1901725750-T.png","1901727296-T.png","1740001014.pdf","1700000644.pdf"
"154","1901725731-T.png","1940001930-T.png","1840001740.pdf","1700001003.pdf"
"155","1901726002-T.png",NULL,"1801401294.pdf","1700000543.pdf"
"156","1901726223-T.png",NULL,"1701301006.pdf","1700000764.pdf"
"157","1901726343-T.png",NULL,"1412416056.pdf","1700001022.pdf"
"158","1901727296-T.png",NULL,"1412406755.pdf","1700001041.pdf"
"159","1940001930-T.png",NULL,"1412414731.pdf","1700001205.pdf"
"160","2001656672-T.png",NULL,"1412416554.pdf","1700001123.pdf"
"161","1801375062-1.jpg",NULL,"1840001160.pdf","1412416850.pdf"
"162","1234567890-1.jpg",NULL,"1840001476.pdf","1600000542.pdf"
"163","1234567890-3.jpg",NULL,"1840001500.pdf","1600002346.pdf"
"164","1901456174-T.png","1901487463-T.png","1840001412.pdf","1600001223.pdf"
"165","1901473956-T.png","1901512004-T.png","1840001583.pdf","1600002043.pdf"
"166","1901478982-T.png","1901725725-T.png","1840001596.pdf","1600003784.pdf"
"167","1901482903-T.png","1901516495-T.png","1840001343.pdf","1600003304.pdf"
"168","1901483830-T.png","1901725750-T.png","1840001570.pdf","1600005202.pdf"
"169","1901487463-T.png","1901725731-T.png","1840001091.pdf","1600005341.pdf"
"170","1901512004-T.png","1901726002-T.png","1740001046.pdf","1500001821.pdf"
"171","1901725725-T.png","1901726223-T.png","1940001930.pdf","1500007163.pdf"
"172","1901516495-T.png","1901726343-T.png","1840001671.pdf","1700000505.pdf"
"173","1901725750-T.png","1901727296-T.png","1740001014.pdf","1700000644.pdf"
"174","1901725731-T.png","1940001930-T.png","1840001740.pdf","1700001003.pdf"
"175","1901726002-T.png",NULL,"1801401294.pdf","1700000543.pdf"
"176","1901726223-T.png",NULL,"1701301006.pdf","1700000764.pdf"
"177","1901726343-T.png",NULL,"1412416056.pdf","1700001022.pdf"
"178","1901727296-T.png",NULL,"1412406755.pdf","1700001041.pdf"
"179","1940001930-T.png",NULL,"1412414731.pdf","1700001205.pdf"
"180","2001656672-T.png",NULL,"1412416554.pdf","1700001123.pdf"
"181","1801375062-1.jpg",NULL,"1840001160.pdf","1412416850.pdf"
"182","1234567890-1.jpg",NULL,"1840001476.pdf","1600000542.pdf"
"183","1234567890-3.jpg",NULL,"1840001500.pdf","1600002346.pdf"
"184","1901456174-T.png","1901487463-T.png","1840001412.pdf","1600001223.pdf"
"185","1901473956-T.png","1901512004-T.png","1840001583.pdf","1600002043.pdf"
"186","1901478982-T.png","1901725725-T.png","1840001596.pdf","1600003784.pdf"
"187","1901482903-T.png","1901516495-T.png","1840001343.pdf","1600003304.pdf"
"188","1901483830-T.png","1901725750-T.png","1840001570.pdf","1600005202.pdf"
"189","1901487463-T.png","1901725731-T.png","1840001091.pdf","1600005341.pdf"
"190","1901512004-T.png","1901726002-T.png","1740001046.pdf","1500001821.pdf"
"191","1901725725-T.png","1901726223-T.png","1940001930.pdf","1500007163.pdf"
"192","1901516495-T.png","1901726343-T.png","1840001671.pdf","1700000505.pdf"
"193","1901725750-T.png","1901727296-T.png","1740001014.pdf","1700000644.pdf"
"194","1901725731-T.png","1940001930-T.png","1840001740.pdf","1700001003.pdf"
"195","1901726002-T.png",NULL,"1801401294.pdf","1700000543.pdf"
"196","1901726223-T.png",NULL,"1701301006.pdf","1700000764.pdf"
"197","1901726343-T.png",NULL,"1412416056.pdf","1700001022.pdf"
"198","1901727296-T.png",NULL,"1412406755.pdf","1700001041.pdf"
"199","1940001930-T.png",NULL,"1412414731.pdf","1700001205.pdf"
"200","2001656672-T.png",NULL,"1412416554.pdf","1700001123.pdf"
"201","1801375062-1.jpg",NULL,"1840001160.pdf","1412416850.pdf"
"202","1234567890-1.jpg",NULL,"1840001476.pdf","1600000542.pdf"
"203","1234567890-3.jpg",NULL,"1840001500.pdf","1600002346.pdf"
"204","1901456174-T.png","1901487463-T.png","1840001412.pdf","1600001223.pdf"
"205","1901473956-T.png","1901512004-T.png","1840001583.pdf","1600002043.pdf"
"206","1901478982-T.png","1901725725-T.png","1840001596.pdf","1600003784.pdf"
"207","1901482903-T.png","1901516495-T.png","1840001343.pdf","1600003304.pdf"
"208","1901483830-T.png","1901725750-T.png","1840001570.pdf","1600005202.pdf"
"209","1901487463-T.png","1901725731-T.png","1840001091.pdf","1600005341.pdf"
"210","1901512004-T.png","1901726002-T.png","1740001046.pdf","1500001821.pdf"
"211","1901725725-T.png","1901726223-T.png","1940001930.pdf","1500007163.pdf"
"212","1901516495-T.png","1901726343-T.png","1840001671.pdf","1700000505.pdf"
"213","1901725750-T.png","1901727296-T.png","1740001014.pdf","1700000644.pdf"
"214","1901725731-T.png","1940001930-T.png","1840001740.pdf","1700001003.pdf"
"215","1901726002-T.png",NULL,"1801401294.pdf","1700000543.pdf"
"216","1901726223-T.png",NULL,"1701301006.pdf","1700000764.pdf"
"217","1901726343-T.png",NULL,"1412416056.pdf","1700001022.pdf"
"218","1901727296-T.png",NULL,"1412406755.pdf","1700001041.pdf"
"219","1940001930-T.png",NULL,"1412414731.pdf","1700001205.pdf"
"220","2001656672-T.png",NULL,"1412416554.pdf","1700001123.pdf"
"221","1801375062-1.jpg",NULL,"1840001160.pdf","1412416850.pdf"
"222","1234567890-1.jpg",NULL,"1840001476.pdf","1600000542.pdf"
"223","1234567890-3.jpg",NULL,"1840001500.pdf","1600002346.pdf"
"224","1901456174-T.png","1901487463-T.png","1840001412.pdf","1600001223.pdf"
"225","1901473956-T.png","1901512004-T.png","1840001583.pdf","1600002043.pdf"
"226","1901478982-T.png","1901725725-T.png","1840001596.pdf","1600003784.pdf"
"227","1901482903-T.png","1901516495-T.png","1840001343.pdf","1600003304.pdf"
"228","1901483830-T.png","1901725750-T.png","1840001570.pdf","1600005202.pdf"
"229","1901487463-T.png","1901725731-T.png","1840001091.pdf","1600005341.pdf"
"230","1901512004-T.png","1901726002-T.png","1740001046.pdf","1500001821.pdf"
"231","1901725725-T.png","1901726223-T.png","1940001930.pdf","1500007163.pdf"
"232","1901516495-T.png","1901726343-T.png","1840001671.pdf","1700000505.pdf"
"233","1901725750-T.png","1901727296-T.png","1740001014.pdf","1700000644.pdf"
"234","1901725731-T.png","1940001930-T.png","1840001740.pdf","1700001003.pdf"
"235","1901726002-T.png",NULL,"1801401294.pdf","1700000543.pdf"
"236","1901726223-T.png",NULL,"1701301006.pdf","1700000764.pdf"
"237","1901726343-T.png",NULL,"1412416056.pdf","1700001022.pdf"
"238","1901727296-T.png",NULL,"1412406755.pdf","1700001041.pdf"
"239","1940001930-T.png",NULL,"1412414731.pdf","1700001205.pdf"
"240","2001656672-T.png",NULL,"1412416554.pdf","1700001123.pdf"
"241","1801375062-1.jpg",NULL,"1840001160.pdf","1412416850.pdf"
"242","1234567890-1.jpg",NULL,"1840001476.pdf","1600000542.pdf"
"243","1234567890-3.jpg",NULL,"1840001500.pdf","1600002346.pdf"
"244","1901456174-T.png","1901487463-T.png","1840001412.pdf","1600001223.pdf"
"245","1901473956-T.png","1901512004-T.png","1840001583.pdf","1600002043.pdf"
"246","1901478982-T.png","1901725725-T.png","1840001596.pdf","1600003784.pdf"
"247","1901482903-T.png","1901516495-T.png","1840001343.pdf","1600003304.pdf"
"248","1901483830-T.png","1901725750-T.png","1840001570.pdf","1600005202.pdf"
"249","1901487463-T.png","1901725731-T.png","1840001091.pdf","1600005341.pdf"
"250","1901512004-T.png","1901726002-T.png","1740001046.pdf","1500001821.pdf"
"251","1901725725-T.png","1901726223-T.png","1940001930.pdf","1500007163.pdf"
"252","1901516495-T.png","1901726343-T.png","1840001671.pdf","1700000505.pdf"
"253","1901725750-T.png","1901727296-T.png","1740001014.pdf","1700000644.pdf"
"254","1901725731-T.png","1940001930-T.png","1840001740.pdf","1700001003.pdf"
"255","1901726002-T.png",NULL,"1801401294.pdf","1700000543.pdf"
"256","1901726223-T.png",NULL,"1701301006.pdf","1700000764.pdf"
"257","1901726343-T.png",NULL,"1412416056.pdf","1700001022.pdf"
"258","1901727296-T.png",NULL,"1412406755.pdf","1700001041.pdf"
"259","1940001930-T.png",NULL,"1412414731.pdf","1700001205.pdf"
"260","2001656672-T.png",NULL,"1412416554.pdf","1700001123.pdf"
"261","1801375062-1.jpg",NULL,"1840001160.pdf","1412416850.pdf"
"262","1234567890-1.jpg",NULL,"1840001476.pdf","1600000542.pdf"
"263","1234567890-3.jpg",NULL,"1840001500.pdf","1600002346.pdf"
"264","1901456174-T.png","1901487463-T.png","1840001412.pdf","1600001223.pdf"
"265","1901473956-T.png","1901512004-T.png","1840001583.pdf","1600002043.pdf"
"266","1901478982-T.png","1901725725-T.png","1840001596.pdf","1600003784.pdf"
"267","1901482903-T.png","1901516495-T.png","1840001343.pdf","1600003304.pdf"
"268","1901483830-T.png","1901725750-T.png","1840001570.pdf","1600005202.pdf"
"269","1901487463-T.png","1901725731-T.png","1840001091.pdf","1600005341.pdf"
"270","1901512004-T.png","1901726002-T.png","1740001046.pdf","1500001821.pdf"
"271","1901725725-T.png","1901726223-T.png","1940001930.pdf","1500007163.pdf"
"272","1901516495-T.png","1901726343-T.png","1840001671.pdf","1700000505.pdf"
"273","1901725750-T.png","1901727296-T.png","1740001014.pdf","1700000644.pdf"
"274","1901725731-T.png","1940001930-T.png","1840001740.pdf","1700001003.pdf"
"275","1901726002-T.png",NULL,"1801401294.pdf","1700000543.pdf"
"276","1901726223-T.png",NULL,"1701301006.pdf","1700000764.pdf"
"277","1901726343-T.png",NULL,"1412416056.pdf","1700001022.pdf"
"278","1901727296-T.png",NULL,"1412406755.pdf","1700001041.pdf"
"279","1940001930-T.png",NULL,"1412414731.pdf","1700001205.pdf"
"280","2001656672-T.png",NULL,"1412416554.pdf","1700001123.pdf"
"281","1801375062-1.jpg",NULL,"1840001160.pdf","1412416850.pdf"
"282","1234567890-1.jpg",NULL,"1840001476.pdf","1600000542.pdf"
"283","1234567890-3.jpg",NULL,"1840001500.pdf","1600002346.pdf"
"284","1901456174-T.png","1901487463-T.png","1840001412.pdf","1600001223.pdf"
"285","1901473956-T.png","1901512004-T.png","1840001583.pdf","1600002043.pdf"
"286","1901478982-T.png","1901725725-T.png","1840001596.pdf","1600003784.pdf"
"287","1901482903-T.png","1901516495-T.png","1840001343.pdf","1600003304.pdf"
"288","1901483830-T.png","1901725750-T.png","1840001570.pdf","1600005202.pdf"
"289","1901487463-T.png","1901725731-T.png","1840001091.pdf","1600005341.pdf"
"290","1901512004-T.png","1901726002-T.png","1740001046.pdf","1500001821.pdf"
"291","1901725725-T.png","1901726223-T.png","1940001930.pdf","1500007163.pdf"
"292","1901516495-T.png","1901726343-T.png","1840001671.pdf","1700000505.pdf"
"293","1901725750-T.png","1901727296-T.png","1740001014.pdf","1700000644.pdf"
"294","1901725731-T.png","1940001930-T.png","1840001740.pdf","1700001003.pdf"
"295","1901726002-T.png",NULL,"1801401294.pdf","1700000543.pdf"
"296","1901726223-T.png",NULL,"1701301006.pdf","1700000764.pdf"
"297","1901726343-T.png",NULL,"1412416056.pdf","1700001022.pdf"
"298","1901727296-T.png",NULL,"1412406755.pdf","1700001041.pdf"
"299","1940001930-T.png",NULL,"1412414731.pdf","1700001205.pdf"
"300","2001656672-T.png",NULL,"1412416554.pdf","1700001123.pdf"
"301","1801375062-1.jpg",NULL,"1840001160.pdf","1412416850.pdf"
"302","1234567890-1.jpg",NULL,"1840001476.pdf","1600000542.pdf"
"303","1234567890-3.jpg",NULL,"1840001500.pdf","1600002346.pdf"
"304","1901456174-T.png","1901487463-T.png","1840001412.pdf","1600001223.pdf"
"305","1901473956-T.png","1901512004-T.png","1840001583.pdf","1600002043.pdf"
"306","1901478982-T.png","1901725725-T.png","1840001596.pdf","1600003784.pdf"
"307","1901482903-T.png","1901516495-T.png","1840001343.pdf","1600003304.pdf"
"308","1901483830-T.png","1901725750-T.png","1840001570.pdf","1600005202.pdf"
"309","1901487463-T.png","1901725731-T.png","1840001091.pdf","1600005341.pdf"
"310","1901512004-T.png","1901726002-T.png","1740001046.pdf","1500001821.pdf"
"311","1901725725-T.png","1901726223-T.png","1940001930.pdf","1500007163.pdf"
"312","1901516495-T.png","1901726343-T.png","1840001671.pdf","1700000505.pdf"
"313","1901725750-T.png","1901727296-T.png","1740001014.pdf","1700000644.pdf"
"314","1901725731-T.png","1940001930-T.png","1840001740.pdf","1700001003.pdf"
"315","1901726002-T.png",NULL,"1801401294.pdf","1700000543.pdf"
"316","1901726223-T.png",NULL,"1701301006.pdf","1700000764.pdf"
"317","1901726343-T.png",NULL,"1412416056.pdf","1700001022.pdf"
"318","1901727296-T.png",NULL,"1412406755.pdf","1700001041.pdf"
"319","1940001930-T.png",NULL,"1412414731.pdf","1700001205.pdf"
"320","2001656672-T.png",NULL,"1412416554.pdf","1700001123.pdf"
"321","1801375062-1.jpg",NULL,"1840001160.pdf","1412416850.pdf"
"322","1234567890-1.jpg",NULL,"1840001476.pdf","1600000542.pdf"
"323","1234567890-3.jpg",NULL,"1840001500.pdf","1600002346.pdf"
"324","1901456174-T.png","1901487463-T.png","1840001412.pdf","1600001223.pdf"
"325","1901473956-T.png","1901512004-T.png","1840001583.pdf","1600002043.pdf"
"326","1901478982-T.png","1901725725-T.png","1840001596.pdf","1600003784.pdf"
"327","1901482903-T.png","1901516495-T.png","1840001343.pdf","1600003304.pdf"
"328","1901483830-T.png","1901725750-T.png","1840001570.pdf","1600005202.pdf"
"329","1901487463-T.png","1901725731-T.png","1840001091.pdf","1600005341.pdf"
"330","1901512004-T.png","1901726002-T.png","1740001046.pdf","1500001821.pdf"
"331","1901725725-T.png","1901726223-T.png","1940001930.pdf","1500007163.pdf"
"332","1901516495-T.png","1901726343-T.png","1840001671.pdf","1700000505.pdf"
"333","1901725750-T.png","1901727296-T.png","1740001014.pdf","1700000644.pdf"
"334","1901725731-T.png","1940001930-T.png","1840001740.pdf","1700001003.pdf"
"335","1901726002-T.png",NULL,"1801401294.pdf","1700000543.pdf"
"336","1901726223-T.png",NULL,"1701301006.pdf","1700000764.pdf"
"337","1901726343-T.png",NULL,"1412416056.pdf","1700001022.pdf"
"338","1901727296-T.png",NULL,"1412406755.pdf","1700001041.pdf"
"339","1940001930-T.png",NULL,"1412414731.pdf","1700001205.pdf"
"340","2001656672-T.png",NULL,"1412416554.pdf","1700001123.pdf"
"341","1801375062-1.jpg",NULL,"1840001160.pdf","1412416850.pdf"
"342","1234567890-1.jpg",NULL,"1840001476.pdf","1600000542.pdf"
"343","1234567890-3.jpg",NULL,"1840001500.pdf","1600002346.pdf"
"344","1901456174-T.png","1901487463-T.png","1840001412.pdf","1600001223.pdf"
"345","1901473956-T.png","1901512004-T.png","1840001583.pdf","1600002043.pdf"
"346","1901478982-T.png","1901725725-T.png","1840001596.pdf","1600003784.pdf"
"347","1901482903-T.png","1901516495-T.png","1840001343.pdf","1600003304.pdf"
"348","1901483830-T.png","1901725750-T.png","1840001570.pdf","1600005202.pdf"
"349","1901487463-T.png","1901725731-T.png","1840001091.pdf","1600005341.pdf"
"350","1901512004-T.png","1901726002-T.png","1740001046.pdf","1500001821.pdf"
"351","1901725725-T.png","1901726223-T.png","1940001930.pdf","1500007163.pdf"
"352","1901516495-T.png","1901726343-T.png","1840001671.pdf","1700000505.pdf"
"353","1901725750-T.png","1901727296-T.png","1740001014.pdf","1700000644.pdf"
"354","1901725731-T.png","1940001930-T.png","1840001740.pdf","1700001003.pdf"
"355","1901726002-T.png",NULL,"1801401294.pdf","1700000543.pdf"
"356","1901726223-T.png",NULL,"1701301006.pdf","1700000764.pdf"
"357","1901726343-T.png",NULL,"1412416056.pdf","1700001022.pdf"
"358","1901727296-T.png",NULL,"1412406755.pdf","1700001041.pdf"
"359","1940001930-T.png",NULL,"1412414731.pdf","1700001205.pdf"
"360","2001656672-T.png",NULL,"1412416554.pdf","1700001123.pdf"
"361","1801375062-1.jpg",NULL,"1840001160.pdf","1412416850.pdf"
"362","1234567890-1.jpg",NULL,"1840001476.pdf","1600000542.pdf"
"363","1234567890-3.jpg",NULL,"1840001500.pdf","1600002346.pdf"
"364","1901456174-T.png","1901487463-T.png","1840001412.pdf","1600001223.pdf"
"365","1901473956-T.png","1901512004-T.png","1840001583.pdf","1600002043.pdf"
"366","1901478982-T.png","1901725725-T.png","1840001596.pdf","1600003784.pdf"
"367","1901482903-T.png","1901516495-T.png","1840001343.pdf","1600003304.pdf"
"368","1901483830-T.png","1901725750-T.png","1840001570.pdf","1600005202.pdf"
"369","1901487463-T.png","1901725731-T.png","1840001091.pdf","1600005341.pdf"
"370","1901512004-T.png","1901726002-T.png","1740001046.pdf","1500001821.pdf"
"371","1901725725-T.png","1901726223-T.png","1940001930.pdf","1500007163.pdf"
"372","1901516495-T.png","1901726343-T.png","1840001671.pdf","1700000505.pdf"
"373","1901725750-T.png","1901727296-T.png","1740001014.pdf","1700000644.pdf"
"374","1901725731-T.png","1940001930-T.png","1840001740.pdf","1700001003.pdf"
"375","1901726002-T.png",NULL,"1801401294.pdf","1700000543.pdf"
"376","1901726223-T.png",NULL,"1701301006.pdf","1700000764.pdf"
"377","1901726343-T.png",NULL,"1412416056.pdf","1700001022.pdf"
"378","1901727296-T.png",NULL,"1412406755.pdf","1700001041.pdf"
"379","1940001930-T.png",NULL,"1412414731.pdf","1700001205.pdf"
"380","2001656672-T.png",NULL,"1412416554.pdf","1700001123.pdf"
"381","1801375062-1.jpg",NULL,"1840001160.pdf","1412416850.pdf"
"382","1234567890-1.jpg",NULL,"1840001476.pdf","1600000542.pdf"
"383","1234567890-3.jpg",NULL,"1840001500.pdf","1600002346.pdf"
"384","1901456174-T.png","1901487463-T.png","1840001412.pdf","1600001223.pdf"
"385","1901473956-T.png","1901512004-T.png","1840001583.pdf","1600002043.pdf"
"386","1901478982-T.png","1901725725-T.png","1840001596.pdf","1600003784.pdf"
"387","1901482903-T.png","1901516495-T.png","1840001343.pdf","1600003304.pdf"
"388","1901483830-T.png","1901725750-T.png","1840001570.pdf","1600005202.pdf"
"389","1901487463-T.png","1901725731-T.png","1840001091.pdf","1600005341.pdf"
"390","1901512004-T.png","1901726002-T.png","1740001046.pdf","1500001821.pdf"
"391","1901725725-T.png","1901726223-T.png","1940001930.pdf","1500007163.pdf"
"392","1901516495-T.png","1901726343-T.png","1840001671.pdf","1700000505.pdf"
"393","1901725750-T.png","1901727296-T.png","1740001014.pdf","1700000644.pdf"
"394","1901725731-T.png","1940001930-T.png","1840001740.pdf","1700001003.pdf"
"395","1901726002-T.png",NULL,"1801401294.pdf","1700000543.pdf"
"396","1901726223-T.png",NULL,"1701301006.pdf","1700000764.pdf"
"397","1901726343-T.png",NULL,"1412416056.pdf","1700001022.pdf"
"398","1901727296-T.png",NULL,"1412406755.pdf","1700001041.pdf"
"399","1940001930-T.png",NULL,"1412414731.pdf","1700001205.pdf"
"400","2001656672-T.png",NULL,"1412416554.pdf","1700001123.pdf"
"401","1801375062-1.jpg",NULL,"1840001160.pdf","1412416850.pdf"
"402","1234567890-1.jpg",NULL,"1840001476.pdf","1600000542.pdf"
"403","1234567890-3.jpg",NULL,"1840001500.pdf","1600002346.pdf"
"404","1901456174-T.png","1901487463-T.png","1840001412.pdf","1600001223.pdf"
"405","1901473956-T.png","1901512004-T.png","1840001583.pdf","1600002043.pdf"
"406","1901478982-T.png","1901725725-T.png","1840001596.pdf","1600003784.pdf"
"407","1901482903-T.png","1901516495-T.png","1840001343.pdf","1600003304.pdf"
"408","1901483830-T.png","1901725750-T.png","1840001570.pdf","1600005202.pdf"
"409","1901487463-T.png","1901725731-T.png","1840001091.pdf","1600005341.pdf"
"410","1901512004-T.png","1901726002-T.png","1740001046.pdf","1500001821.pdf"
"411","1901725725-T.png","1901726223-T.png","1940001930.pdf","1500007163.pdf"
"412","1901516495-T.png","1901726343-T.png","1840001671.pdf","1700000505.pdf"
"413","1901725750-T.png","1901727296-T.png","1740001014.pdf","1700000644.pdf"
"414","1901725731-T.png","1940001930-T.png","1840001740.pdf","1700001003.pdf"
"415","1901726002-T.png",NULL,"1801401294.pdf","1700000543.pdf"
"416","1901726223-T.png",NULL,"1701301006.pdf","1700000764.pdf"
"417","1901726343-T.png",NULL,"1412416056.pdf","1700001022.pdf"
"418","1901727296-T.png",NULL,"1412406755.pdf","1700001041.pdf"
"419","1940001930-T.png",NULL,"1412414731.pdf","1700001205.pdf"
"420","2001656672-T.png",NULL,"1412416554.pdf","1700001123.pdf"
"421","1801375062-1.jpg",NULL,"1840001160.pdf","1412416850.pdf"
"422","1234567890-1.jpg",NULL,"1840001476.pdf","1600000542.pdf"
"423","1234567890-3.jpg",NULL,"1840001500.pdf","1600002346.pdf"
"424","1901456174-T.png","1901487463-T.png","1840001412.pdf","1600001223.pdf"
"425","1901473956-T.png","1901512004-T.png","1840001583.pdf","1600002043.pdf"
"426","1901478982-T.png","1901725725-T.png","1840001596.pdf","1600003784.pdf"
"427","1901482903-T.png","1901516495-T.png","1840001343.pdf","1600003304.pdf"
"428","1901483830-T.png","1901725750-T.png","1840001570.pdf","1600005202.pdf"
"429","1901487463-T.png","1901725731-T.png","1840001091.pdf","1600005341.pdf"
"430","1901512004-T.png","1901726002-T.png","1740001046.pdf","1500001821.pdf"
"431","1901725725-T.png","1901726223-T.png","1940001930.pdf","1500007163.pdf"
"432","1901516495-T.png","1901726343-T.png","1840001671.pdf","1700000505.pdf"
"433","1901725750-T.png","1901727296-T.png","1740001014.pdf","1700000644.pdf"
"434","1901725731-T.png","1940001930-T.png","1840001740.pdf","1700001003.pdf"
"435","1901726002-T.png",NULL,"1801401294.pdf","1700000543.pdf"
"436","1901726223-T.png",NULL,"1701301006.pdf","1700000764.pdf"
"437","1901726343-T.png",NULL,"1412416056.pdf","1700001022.pdf"
"438","1901727296-T.png",NULL,"1412406755.pdf","1700001041.pdf"
"439","1940001930-T.png",NULL,"1412414731.pdf","1700001205.pdf"
"440","2001656672-T.png",NULL,"1412416554.pdf","1700001123.pdf"
"441","1801375062-1.jpg",NULL,"1840001160.pdf","1412416850.pdf"
"442","1234567890-1.jpg",NULL,"1840001476.pdf","1600000542.pdf"
"443","1234567890-3.jpg",NULL,"1840001500.pdf","1600002346.pdf"
"444","1901456174-T.png","1901487463-T.png","1840001412.pdf","1600001223.pdf"
"445","1901473956-T.png","1901512004-T.png","1840001583.pdf","1600002043.pdf"
"446","1901478982-T.png","1901725725-T.png","1840001596.pdf","1600003784.pdf"
"447","1901482903-T.png","1901516495-T.png","1840001343.pdf","1600003304.pdf"
"448","1901483830-T.png","1901725750-T.png","1840001570.pdf","1600005202.pdf"
"449","1901487463-T.png","1901725731-T.png","1840001091.pdf","1600005341.pdf"
"450","1901512004-T.png","1901726002-T.png","1740001046.pdf","1500001821.pdf"
"451","1901725725-T.png","1901726223-T.png","1940001930.pdf","1500007163.pdf"
"452","1901516495-T.png","1901726343-T.png","1840001671.pdf","1700000505.pdf"
"453","1901725750-T.png","1901727296-T.png","1740001014.pdf","1700000644.pdf"
"454","1901725731-T.png","1940001930-T.png","1840001740.pdf","1700001003.pdf"
"455","1901726002-T.png",NULL,"1801401294.pdf","1700000543.pdf"
"456","1901726223-T.png",NULL,"1701301006.pdf","1700000764.pdf"
"457","1901726343-T.png",NULL,"1412416056.pdf","1700001022.pdf"
"458","1901727296-T.png",NULL,"1412406755.pdf","1700001041.pdf"
"459","1940001930-T.png",NULL,"1412414731.pdf","1700001205.pdf"
"460","2001656672-T.png",NULL,"1412416554.pdf","1700001123.pdf"
"461","1801375062-1.jpg",NULL,"1840001160.pdf","1412416850.pdf"
"462","1234567890-1.jpg",NULL,"1840001476.pdf","1600000542.pdf"
"463","1234567890-3.jpg",NULL,"1840001500.pdf","1600002346.pdf"
"464","1901456174-T.png","1901487463-T.png","1840001412.pdf","1600001223.pdf"
"465","1901473956-T.png","1901512004-T.png","1840001583.pdf","1600002043.pdf"
"466","1901478982-T.png","1901725725-T.png","1840001596.pdf","1600003784.pdf"
"467","1901482903-T.png","1901516495-T.png","1840001343.pdf","1600003304.pdf"
"468","1901483830-T.png","1901725750-T.png","1840001570.pdf","1600005202.pdf"
"469","1901487463-T.png","1901725731-T.png","1840001091.pdf","1600005341.pdf"
"470","1901512004-T.png","1901726002-T.png","1740001046.pdf","1500001821.pdf"
"471","1901725725-T.png","1901726223-T.png","1940001930.pdf","1500007163.pdf"
"472","1901516495-T.png","1901726343-T.png","1840001671.pdf","1700000505.pdf"
"473","1901725750-T.png","1901727296-T.png","1740001014.pdf","1700000644.pdf"
"474","1901725731-T.png","1940001930-T.png","1840001740.pdf","1700001003.pdf"
"475","1901726002-T.png",NULL,"1801401294.pdf","1700000543.pdf"
"476","1901726223-T.png",NULL,"1701301006.pdf","1700000764.pdf"
"477","1901726343-T.png",NULL,"1412416056.pdf","1700001022.pdf"
"478","1901727296-T.png",NULL,"1412406755.pdf","1700001041.pdf"
"479","1940001930-T.png",NULL,"1412414731.pdf","1700001205.pdf"
"480","2001656672-T.png",NULL,"1412416554.pdf","1700001123.pdf"
"481","1801375062-1.jpg",NULL,"1840001160.pdf","1412416850.pdf"
"482","1234567890-1.jpg",NULL,"1840001476.pdf","1600000542.pdf"
"483","1234567890-3.jpg",NULL,"1840001500.pdf","1600002346.pdf"
"484","1901456174-T.png","1901487463-T.png","1840001412.pdf","1600001223.pdf"
"485","1901473956-T.png","1901512004-T.png","1840001583.pdf","1600002043.pdf"
"486","1901478982-T.png","1901725725-T.png","1840001596.pdf","1600003784.pdf"
"487","1901482903-T.png","1901516495-T.png","1840001343.pdf","1600003304.pdf"
"488","1901483830-T.png","1901725750-T.png","1840001570.pdf","1600005202.pdf"
"489","1901487463-T.png","1901725731-T.png","1840001091.pdf","1600005341.pdf"
"490","1901512004-T.png","1901726002-T.png","1740001046.pdf","1500001821.pdf"
"491","1901725725-T.png","1901726223-T.png","1940001930.pdf","1500007163.pdf"
"492","1901516495-T.png","1901726343-T.png","1840001671.pdf","1700000505.pdf"
"493","1901725750-T.png","1901727296-T.png","1740001014.pdf","1700000644.pdf"
"494","1901725731-T.png","1940001930-T.png","1840001740.pdf","1700001003.pdf"
"495","1901726002-T.png",NULL,"1801401294.pdf","1700000543.pdf"
"496","1901726223-T.png",NULL,"1701301006.pdf","1700000764.pdf"
"497","1901726343-T.png",NULL,"1412416056.pdf","1700001022.pdf"
"498","1901727296-T.png",NULL,"1412406755.pdf","1700001041.pdf"
"499","1940001930-T.png",NULL,"1412414731.pdf","1700001205.pdf"
"500","2001656672-T.png",NULL,"1412416554.pdf","1700001123.pdf"
